model,workload,level,ber,mode,dram_bits_per_trial,sram_bits_per_trial,top1_pct,clean_top1_pct,trials_requested,trials_completed,due_trials,crash_trials,trials_averaged,run_dir
ResNet-50,g7v2_imagenet1k_resnet50,L3,1e-07,dram_only,23,0,78.34,78.42,100,100,0,0,100,artifacts/g7/campaign/run_L3_gpu0_1790311132326571847
ResNet-50,g7v2_imagenet1k_resnet50,L3,1e-07,sram_only,0,23,78.03,78.42,100,100,0,0,100,artifacts/g8/t4/sram_only/campaign/run_L3_gpu0_1791030322946520763
ResNet-50,g7v2_imagenet1k_resnet50,L3,1e-07,dram_sram,23,23,77.91,78.42,100,100,0,0,100,artifacts/g8/t4/campaign/run_L3_gpu0_1791017927929747577
ResNet-50,g7v2_imagenet1k_resnet50,L4,5e-07,dram_only,115,0,77.13,78.42,100,100,0,0,100,artifacts/g7/campaign/run_L4_gpu0_1790311573108254463
ResNet-50,g7v2_imagenet1k_resnet50,L4,5e-07,sram_only,0,115,77.30,78.42,100,100,0,0,100,artifacts/g8/t4/sram_only/campaign/run_L4_gpu0_1791030857808468540
ResNet-50,g7v2_imagenet1k_resnet50,L4,5e-07,dram_sram,115,115,75.98,78.42,100,100,0,0,100,artifacts/g8/t4/campaign/run_L4_gpu0_1791018482832518154
ResNet-50,g7v2_imagenet1k_resnet50,L5,1e-06,dram_only,231,0,76.68,78.42,100,100,0,0,100,artifacts/g7/campaign/run_L5_gpu0_1790312024656769933
ResNet-50,g7v2_imagenet1k_resnet50,L5,1e-06,sram_only,0,231,76.74,78.42,100,100,0,0,100,artifacts/g8/t4/sram_only/campaign/run_L5_gpu0_1791031396434003838
ResNet-50,g7v2_imagenet1k_resnet50,L5,1e-06,dram_sram,231,231,74.93,78.42,100,100,0,0,100,artifacts/g8/t4/campaign/run_L5_gpu0_1791019064821595601
ResNet-50,g7v2_imagenet1k_resnet50,L6,3e-06,dram_only,692,0,73.08,78.42,100,100,0,0,100,artifacts/g7/campaign/run_L6_gpu0_1790324095442021750
ResNet-50,g7v2_imagenet1k_resnet50,L6,3e-06,sram_only,0,692,75.33,78.42,100,100,1,0,99,artifacts/g8/t4/sram_only/campaign/run_L6_gpu0_1791031935923386134
ResNet-50,g7v2_imagenet1k_resnet50,L6,3e-06,dram_sram,692,692,69.84,78.42,100,100,1,0,99,artifacts/g8/t4/campaign/run_L6_gpu0_1791019686204461559
ResNet-50,g7v2_imagenet1k_resnet50,L7,5e-06,dram_only,1153,0,66.62,78.42,100,100,0,0,100,artifacts/g7/campaign/run_L7_gpu0_1790324679719175194
ResNet-50,g7v2_imagenet1k_resnet50,L7,5e-06,sram_only,0,1153,74.34,78.42,100,100,1,0,99,artifacts/g8/t4/sram_only/campaign/run_L7_gpu0_1791032484897609244
ResNet-50,g7v2_imagenet1k_resnet50,L7,5e-06,dram_sram,1153,1153,62.09,78.42,100,100,1,0,99,artifacts/g8/t4/campaign/run_L7_gpu0_1791021653333109141
ResNet-50,g7v2_imagenet1k_resnet50,L8,7e-06,dram_only,1615,0,67.14,78.42,100,100,2,0,98,artifacts/g7/campaign/run_L8_gpu0_1790325366174110130
ResNet-50,g7v2_imagenet1k_resnet50,L8,7e-06,sram_only,0,1615,72.34,78.42,100,100,1,0,99,artifacts/g8/t4/sram_only/campaign/run_L8_gpu0_1791033045095324517
ResNet-50,g7v2_imagenet1k_resnet50,L8,7e-06,dram_sram,1615,1615,61.28,78.42,100,100,3,0,97,artifacts/g8/t4/campaign/run_L8_gpu0_1791022480909730405
ResNet-50,g7v2_imagenet1k_resnet50,L9,1e-05,dram_only,2307,0,61.23,78.42,100,100,2,0,98,artifacts/g7/campaign/run_L9_gpu0_1790326162031065043
ResNet-50,g7v2_imagenet1k_resnet50,L9,1e-05,sram_only,0,2307,70.36,78.42,100,100,1,0,99,artifacts/g8/t4/sram_only/campaign/run_L9_gpu0_1791033616542712270
ResNet-50,g7v2_imagenet1k_resnet50,L9,1e-05,dram_sram,2307,2307,53.25,78.42,100,100,2,0,98,artifacts/g8/t4/campaign/run_L9_gpu0_1791023475859063447
MobileNetV3-L,g7v2_imagenet1k_mobilenetv3_large_100,L1,1e-07,dram_only,7,0,74.58,75.04,100,100,0,0,100,artifacts/g7/campaign/run_L1_gpu0_1790572469083076826
MobileNetV3-L,g7v2_imagenet1k_mobilenetv3_large_100,L1,1e-07,sram_only,0,7,75.02,75.04,100,100,0,0,100,artifacts/g8/t4/sram_only/campaign/run_L1_gpu0_1791269201819976585
MobileNetV3-L,g7v2_imagenet1k_mobilenetv3_large_100,L1,1e-07,dram_sram,7,7,74.80,75.04,100,100,0,0,100,artifacts/g8/t4/campaign/run_L1_gpu0_1791262175419340781
MobileNetV3-L,g7v2_imagenet1k_mobilenetv3_large_100,L2,5e-07,dram_only,36,0,74.34,75.04,100,100,0,0,100,artifacts/g7/campaign/run_L2_gpu0_1790573413487019826
MobileNetV3-L,g7v2_imagenet1k_mobilenetv3_large_100,L2,5e-07,sram_only,0,36,74.37,75.04,100,100,1,0,99,artifacts/g8/t4/sram_only/campaign/run_L2_gpu0_1791269980932131564
MobileNetV3-L,g7v2_imagenet1k_mobilenetv3_large_100,L2,5e-07,dram_sram,36,36,72.71,75.04,100,100,1,0,99,artifacts/g8/t4/campaign/run_L2_gpu0_1791262915013865317
MobileNetV3-L,g7v2_imagenet1k_mobilenetv3_large_100,L3,1e-06,dram_only,73,0,71.60,75.04,100,100,0,0,100,artifacts/g7/campaign/run_L3_gpu0_1790574540305476599
MobileNetV3-L,g7v2_imagenet1k_mobilenetv3_large_100,L3,1e-06,sram_only,0,73,73.92,75.04,100,100,1,0,99,artifacts/g8/t4/sram_only/campaign/run_L3_gpu0_1791270767181963082
MobileNetV3-L,g7v2_imagenet1k_mobilenetv3_large_100,L3,1e-06,dram_sram,73,73,73.21,75.04,100,100,2,0,98,artifacts/g8/t4/campaign/run_L3_gpu0_1791263625152486724
MobileNetV3-L,g7v2_imagenet1k_mobilenetv3_large_100,L4,3e-06,dram_only,218,0,67.13,75.04,100,100,2,0,98,artifacts/g7/campaign/run_L4_gpu0_1790575602985047580
MobileNetV3-L,g7v2_imagenet1k_mobilenetv3_large_100,L4,3e-06,sram_only,0,218,69.76,75.04,100,100,2,0,98,artifacts/g8/t4/sram_only/campaign/run_L4_gpu0_1791271522527919848
MobileNetV3-L,g7v2_imagenet1k_mobilenetv3_large_100,L4,3e-06,dram_sram,218,218,55.95,75.04,100,100,3,0,97,artifacts/g8/t4/campaign/run_L4_gpu0_1791264373560550653
MobileNetV3-L,g7v2_imagenet1k_mobilenetv3_large_100,L5,5e-06,dram_only,364,0,53.38,75.04,100,100,5,0,95,artifacts/g7/campaign/run_L5_gpu0_1790576845617178548
MobileNetV3-L,g7v2_imagenet1k_mobilenetv3_large_100,L5,5e-06,sram_only,0,364,65.41,75.04,100,100,5,0,95,artifacts/g8/t4/sram_only/campaign/run_L5_gpu0_1791272233700457313
MobileNetV3-L,g7v2_imagenet1k_mobilenetv3_large_100,L5,5e-06,dram_sram,364,364,45.80,75.04,100,100,5,0,95,artifacts/g8/t4/campaign/run_L5_gpu0_1791265310825540442
MobileNetV3-L,g7v2_imagenet1k_mobilenetv3_large_100,L6,7e-06,dram_only,509,0,51.58,75.04,100,100,3,0,97,artifacts/g7/campaign/run_L6_gpu0_1790578394748569307
MobileNetV3-L,g7v2_imagenet1k_mobilenetv3_large_100,L6,7e-06,sram_only,0,509,63.01,75.04,100,100,7,0,93,artifacts/g8/t4/sram_only/campaign/run_L6_gpu0_1791272923142413762
MobileNetV3-L,g7v2_imagenet1k_mobilenetv3_large_100,L6,7e-06,dram_sram,509,509,41.89,75.04,100,100,9,0,91,artifacts/g8/t4/campaign/run_L6_gpu0_1791266444930908458
MobileNetV3-L,g7v2_imagenet1k_mobilenetv3_large_100,L7,1e-05,dram_only,727,0,47.27,75.04,100,100,6,0,94,artifacts/g7/campaign/run_L7_gpu0_1790580104527634371
MobileNetV3-L,g7v2_imagenet1k_mobilenetv3_large_100,L7,1e-05,sram_only,0,727,58.33,75.04,100,100,8,0,92,artifacts/g8/t4/sram_only/campaign/run_L7_gpu0_1791273775874706602
MobileNetV3-L,g7v2_imagenet1k_mobilenetv3_large_100,L7,1e-05,dram_sram,727,727,30.02,75.04,100,100,10,0,90,artifacts/g8/t4/campaign/run_L7_gpu0_1791267752133331635
EfficientNet-B0,g7v2_imagenet1k_efficientnet_b0,L1,1e-07,dram_only,14,0,77.24,77.36,100,100,0,0,100,artifacts/g7/campaign/run_L1_gpu0_1790587550137472756
EfficientNet-B0,g7v2_imagenet1k_efficientnet_b0,L1,1e-07,sram_only,0,14,77.37,77.36,100,100,0,0,100,artifacts/g8/t4/sram_only/campaign/run_L1_gpu0_1791310140071732311
EfficientNet-B0,g7v2_imagenet1k_efficientnet_b0,L1,1e-07,dram_sram,14,14,77.27,77.36,100,100,0,0,100,artifacts/g8/t4/campaign/run_L1_gpu0_1791289387365976034
EfficientNet-B0,g7v2_imagenet1k_efficientnet_b0,L2,5e-07,dram_only,69,0,76.50,77.36,100,99,0,1,99,artifacts/g7/campaign/run_L2_gpu0_1790601273588624489
EfficientNet-B0,g7v2_imagenet1k_efficientnet_b0,L2,5e-07,sram_only,0,69,76.75,77.36,100,99,0,1,99,artifacts/g8/t4/sram_only/campaign/run_L2_gpu0_1791311043194787223
EfficientNet-B0,g7v2_imagenet1k_efficientnet_b0,L2,5e-07,dram_sram,69,69,75.95,77.36,100,98,0,2,98,artifacts/g8/t4/campaign/run_L2_gpu0_1791290320295890583
EfficientNet-B0,g7v2_imagenet1k_efficientnet_b0,L3,1e-06,dram_only,137,0,75.21,77.36,100,99,0,1,99,artifacts/g7/campaign/run_L3_gpu0_1790602538544100895
EfficientNet-B0,g7v2_imagenet1k_efficientnet_b0,L3,1e-06,sram_only,0,137,76.58,77.36,100,99,0,1,99,artifacts/g8/t4/sram_only/campaign/run_L3_gpu0_1791312185748214854
EfficientNet-B0,g7v2_imagenet1k_efficientnet_b0,L3,1e-06,dram_sram,137,137,75.98,77.36,100,97,0,3,97,artifacts/g8/t4/campaign/run_L3_gpu0_1791291585341109562
EfficientNet-B0,g7v2_imagenet1k_efficientnet_b0,L4,3e-06,dram_only,411,0,73.63,77.36,100,94,0,6,94,artifacts/g7/campaign/run_L4_gpu0_1790603877383851742
EfficientNet-B0,g7v2_imagenet1k_efficientnet_b0,L4,3e-06,sram_only,0,411,73.19,77.36,100,90,0,10,90,artifacts/g8/t4/sram_only/campaign/run_L4_gpu0_1791313234621768874
EfficientNet-B0,g7v2_imagenet1k_efficientnet_b0,L4,3e-06,dram_sram,411,411,67.95,77.36,100,89,1,11,88,artifacts/g8/t4/campaign/run_L4_gpu0_1791293036210224257
EfficientNet-B0,g7v2_imagenet1k_efficientnet_b0,L5,5e-06,dram_only,686,0,71.08,77.36,100,93,2,7,91,artifacts/g7/campaign/run_L5_gpu0_1790605750459060875
EfficientNet-B0,g7v2_imagenet1k_efficientnet_b0,L5,5e-06,sram_only,0,686,71.92,77.36,100,85,0,15,85,artifacts/g8/t4/sram_only/campaign/run_L5_gpu0_1791315605590623604
EfficientNet-B0,g7v2_imagenet1k_efficientnet_b0,L5,5e-06,dram_sram,686,686,63.83,77.36,100,78,0,22,78,artifacts/g8/t4/campaign/run_L5_gpu0_1791295726778443126
EfficientNet-B0,g7v2_imagenet1k_efficientnet_b0,L6,7e-06,dram_only,960,0,66.20,77.36,100,94,3,6,91,artifacts/g7/campaign/run_L6_gpu0_1790607789605446828
EfficientNet-B0,g7v2_imagenet1k_efficientnet_b0,L6,7e-06,sram_only,0,960,71.39,77.36,100,82,0,18,82,artifacts/g8/t4/sram_only/campaign/run_L6_gpu0_1791318646213929791
EfficientNet-B0,g7v2_imagenet1k_efficientnet_b0,L6,7e-06,dram_sram,960,960,58.04,77.36,100,76,1,24,75,artifacts/g8/t4/campaign/run_L6_gpu0_1791300032454421141
EfficientNet-B0,g7v2_imagenet1k_efficientnet_b0,L7,1e-05,dram_only,1372,0,61.34,77.36,100,97,4,3,93,artifacts/g7/campaign/run_L7_gpu0_1790610113829335553
EfficientNet-B0,g7v2_imagenet1k_efficientnet_b0,L7,1e-05,sram_only,0,1372,69.79,77.36,100,75,1,25,74,artifacts/g8/t4/sram_only/campaign/run_L7_gpu0_1791322169383153663
EfficientNet-B0,g7v2_imagenet1k_efficientnet_b0,L7,1e-05,dram_sram,1372,1372,53.84,77.36,100,73,3,27,70,artifacts/g8/t4/campaign/run_L7_gpu0_1791304800120037988
DeiT-S,g7v2_imagenet1k_deit_small_patch16_224,L1,1e-07,dram_only,21,0,78.51,78.73,100,100,0,0,100,artifacts/g7/campaign/run_L1_gpu0_1790615940966686493
DeiT-S,g7v2_imagenet1k_deit_small_patch16_224,L1,1e-07,sram_only,0,21,78.62,78.73,100,100,0,0,100,artifacts/g8/t4/sram_only/campaign/run_L1_gpu0_1791083779110531521
DeiT-S,g7v2_imagenet1k_deit_small_patch16_224,L1,1e-07,dram_sram,21,21,78.46,78.73,100,100,0,0,100,artifacts/g8/t4/campaign/run_L1_gpu0_1791079030488640780
DeiT-S,g7v2_imagenet1k_deit_small_patch16_224,L2,5e-07,dram_only,104,0,78.47,78.73,100,100,0,0,100,artifacts/g7/campaign/run_L2_gpu0_1790616901752093324
DeiT-S,g7v2_imagenet1k_deit_small_patch16_224,L2,5e-07,sram_only,0,104,78.51,78.73,100,100,0,0,100,artifacts/g8/t4/sram_only/campaign/run_L2_gpu0_1791088508509367916
DeiT-S,g7v2_imagenet1k_deit_small_patch16_224,L2,5e-07,dram_sram,104,104,77.51,78.73,100,100,1,0,99,artifacts/g8/t4/campaign/run_L2_gpu0_1791079833515453723
DeiT-S,g7v2_imagenet1k_deit_small_patch16_224,L3,1e-06,dram_only,208,0,78.35,78.73,100,100,0,0,100,artifacts/g7/campaign/run_L3_gpu0_1790617933344260854
DeiT-S,g7v2_imagenet1k_deit_small_patch16_224,L3,1e-06,sram_only,0,208,78.06,78.73,100,100,0,0,100,artifacts/g8/t4/sram_only/campaign/run_L3_gpu0_1791089220260606563
DeiT-S,g7v2_imagenet1k_deit_small_patch16_224,L3,1e-06,dram_sram,208,208,77.90,78.73,100,100,0,0,100,artifacts/g8/t4/campaign/run_L3_gpu0_1791080582437504131
DeiT-S,g7v2_imagenet1k_deit_small_patch16_224,L4,3e-06,dram_only,624,0,75.54,78.73,100,100,0,0,100,artifacts/g7/campaign/run_L4_gpu0_1790619045749205494
DeiT-S,g7v2_imagenet1k_deit_small_patch16_224,L4,3e-06,sram_only,0,624,77.56,78.73,100,100,1,0,99,artifacts/g8/t4/sram_only/campaign/run_L4_gpu0_1791089928969424856
DeiT-S,g7v2_imagenet1k_deit_small_patch16_224,L4,3e-06,dram_sram,624,624,74.66,78.73,100,100,2,0,98,artifacts/g8/t4/campaign/run_L4_gpu0_1791081505380115742
DeiT-S,g7v2_imagenet1k_deit_small_patch16_224,L5,5e-06,dram_only,1040,0,68.48,78.73,100,99,0,1,99,artifacts/g7/campaign/run_L5_gpu0_1790620363763434734
DeiT-S,g7v2_imagenet1k_deit_small_patch16_224,L5,5e-06,sram_only,0,1040,74.82,78.73,100,100,1,0,99,artifacts/g8/t4/sram_only/campaign/run_L5_gpu0_1791129595006805381
DeiT-S,g7v2_imagenet1k_deit_small_patch16_224,L5,5e-06,dram_sram,1040,1040,68.09,78.73,100,99,1,1,98,artifacts/g8/t4/campaign/run_L5_gpu0_1791082481792604024
DeiT-S,g7v2_imagenet1k_deit_small_patch16_224,L6,7e-06,dram_only,1457,0,64.63,78.73,100,100,0,0,100,artifacts/g7/campaign/run_L6_gpu0_1790622038251654467
DeiT-S,g7v2_imagenet1k_deit_small_patch16_224,L6,7e-06,sram_only,0,1457,73.66,78.73,100,100,2,0,98,artifacts/g8/t4/sram_only/campaign/run_L6_gpu0_1791091360430185470
DeiT-S,g7v2_imagenet1k_deit_small_patch16_224,L6,7e-06,dram_sram,1457,1457,61.16,78.73,100,99,1,1,98,artifacts/g8/t4/campaign/run_L6_gpu0_1791085283320982504
DeiT-S,g7v2_imagenet1k_deit_small_patch16_224,L7,1e-05,dram_only,2081,0,61.11,78.73,100,100,0,0,100,artifacts/g7/campaign/run_L7_gpu0_1790623739822754387
DeiT-S,g7v2_imagenet1k_deit_small_patch16_224,L7,1e-05,sram_only,0,2081,70.58,78.73,100,100,2,0,98,artifacts/g8/t4/sram_only/campaign/run_L7_gpu0_1791092099835930047
DeiT-S,g7v2_imagenet1k_deit_small_patch16_224,L7,1e-05,dram_sram,2081,2081,56.17,78.73,100,99,1,1,98,artifacts/g8/t4/campaign/run_L7_gpu0_1791086760559103314
Swin-T,g7v2_imagenet1k_swin_tiny_patch4_window7_224,L1,1e-07,dram_only,35,0,81.25,81.30,100,100,0,0,100,artifacts/g7/campaign/run_L1_gpu0_1790646278600729828
Swin-T,g7v2_imagenet1k_swin_tiny_patch4_window7_224,L1,1e-07,sram_only,0,35,81.31,81.30,100,100,0,0,100,artifacts/g8/t4/sram_only/campaign/run_L1_gpu0_1791162426658455410
Swin-T,g7v2_imagenet1k_swin_tiny_patch4_window7_224,L1,1e-07,dram_sram,35,35,81.24,81.30,100,100,0,0,100,artifacts/g8/t4/campaign/run_L1_gpu0_1791133861599174950
Swin-T,g7v2_imagenet1k_swin_tiny_patch4_window7_224,L2,5e-07,dram_only,175,0,79.62,81.30,100,100,0,0,100,artifacts/g7/campaign/run_L2_gpu0_1790647665863541750
Swin-T,g7v2_imagenet1k_swin_tiny_patch4_window7_224,L2,5e-07,sram_only,0,175,80.90,81.30,100,99,0,1,99,artifacts/g8/t4/sram_only/campaign/run_L2_gpu0_1791163515792612069
Swin-T,g7v2_imagenet1k_swin_tiny_patch4_window7_224,L2,5e-07,dram_sram,175,175,79.74,81.30,100,99,0,1,99,artifacts/g8/t4/campaign/run_L2_gpu0_1791134960212800801
Swin-T,g7v2_imagenet1k_swin_tiny_patch4_window7_224,L3,1e-06,dram_only,350,0,77.92,81.30,100,99,0,1,99,artifacts/g7/campaign/run_L3_gpu0_1790649212406422441
Swin-T,g7v2_imagenet1k_swin_tiny_patch4_window7_224,L3,1e-06,sram_only,0,350,79.16,81.30,100,95,0,5,95,artifacts/g8/t4/sram_only/campaign/run_L3_gpu0_1791164822437483200
Swin-T,g7v2_imagenet1k_swin_tiny_patch4_window7_224,L3,1e-06,dram_sram,350,350,74.68,81.30,100,92,0,8,92,artifacts/g8/t4/campaign/run_L3_gpu0_1791136327804152844
Swin-T,g7v2_imagenet1k_swin_tiny_patch4_window7_224,L4,3e-06,dram_only,1051,0,74.20,81.30,100,97,1,3,96,artifacts/g7/campaign/run_L4_gpu0_1790650923867566802
Swin-T,g7v2_imagenet1k_swin_tiny_patch4_window7_224,L4,3e-06,sram_only,0,1051,77.96,81.30,100,91,1,9,90,artifacts/g8/t4/sram_only/campaign/run_L4_gpu0_1791167021990943714
Swin-T,g7v2_imagenet1k_swin_tiny_patch4_window7_224,L4,3e-06,dram_sram,1051,1051,69.11,81.30,100,90,1,10,89,artifacts/g8/t4/campaign/run_L4_gpu0_1791139254000182704
Swin-T,g7v2_imagenet1k_swin_tiny_patch4_window7_224,L5,5e-06,dram_only,1752,0,74.82,81.30,100,95,0,5,95,artifacts/g7/campaign/run_L5_gpu0_1790654189213370853
Swin-T,g7v2_imagenet1k_swin_tiny_patch4_window7_224,L5,5e-06,sram_only,0,1752,74.29,81.30,100,87,1,13,86,artifacts/g8/t4/sram_only/campaign/run_L5_gpu0_1791170176422287663
Swin-T,g7v2_imagenet1k_swin_tiny_patch4_window7_224,L5,5e-06,dram_sram,1752,1752,65.93,81.30,100,82,0,18,82,artifacts/g8/t4/campaign/run_L5_gpu0_1791142848212132585
Swin-T,g7v2_imagenet1k_swin_tiny_patch4_window7_224,L6,7e-06,dram_only,2453,0,62.25,81.30,100,93,1,7,92,artifacts/g7/campaign/run_L6_gpu0_1790656189138233791
Swin-T,g7v2_imagenet1k_swin_tiny_patch4_window7_224,L6,7e-06,sram_only,0,2453,75.31,81.30,100,86,1,14,85,artifacts/g8/t4/sram_only/campaign/run_L6_gpu0_1791174214320076582
Swin-T,g7v2_imagenet1k_swin_tiny_patch4_window7_224,L6,7e-06,dram_sram,2453,2453,63.92,81.30,100,79,0,21,79,artifacts/g8/t4/campaign/run_L6_gpu0_1791148283911445642
Swin-T,g7v2_imagenet1k_swin_tiny_patch4_window7_224,L7,1e-05,dram_only,3504,0,58.84,81.30,100,83,1,17,82,artifacts/g7/campaign/run_L7_gpu0_1790658451940932946
Swin-T,g7v2_imagenet1k_swin_tiny_patch4_window7_224,L7,1e-05,sram_only,0,3504,68.02,81.30,100,79,1,21,78,artifacts/g8/t4/sram_only/campaign/run_L7_gpu0_1791181589309132184
Swin-T,g7v2_imagenet1k_swin_tiny_patch4_window7_224,L7,1e-05,dram_sram,3504,3504,51.30,81.30,100,71,3,29,68,artifacts/g8/t4/campaign/run_L7_gpu0_1791154297590686878
ViT-B,g7v2_imagenet1k_vit_base_patch16_224,L1,1e-07,dram_only,75,0,76.80,78.21,100,100,0,0,100,artifacts/g7/campaign/run_L1_gpu0_1790669645741480966
ViT-B,g7v2_imagenet1k_vit_base_patch16_224,L1,1e-07,sram_only,0,59,78.38,78.21,100,100,0,0,100,artifacts/g8/t4/sram_only/campaign/run_L1_gpu0_1791222452287509145
ViT-B,g7v2_imagenet1k_vit_base_patch16_224,L1,1e-07,dram_sram,75,59,78.20,78.21,100,100,0,0,100,artifacts/g8/t4/campaign/run_L1_gpu0_1791209080062964879
ViT-B,g7v2_imagenet1k_vit_base_patch16_224,L2,5e-07,dram_only,375,0,77.72,78.21,100,100,0,0,100,artifacts/g7/campaign/run_L2_gpu0_1790670959599585441
ViT-B,g7v2_imagenet1k_vit_base_patch16_224,L2,5e-07,sram_only,0,297,78.38,78.21,100,100,0,0,100,artifacts/g8/t4/sram_only/campaign/run_L2_gpu0_1791223514771246041
ViT-B,g7v2_imagenet1k_vit_base_patch16_224,L2,5e-07,dram_sram,375,297,78.36,78.21,100,100,0,0,100,artifacts/g8/t4/campaign/run_L2_gpu0_1791210574174256069
ViT-B,g7v2_imagenet1k_vit_base_patch16_224,L3,1e-06,dram_only,751,0,77.54,78.21,100,100,0,0,100,artifacts/g7/campaign/run_L3_gpu0_1790672344665116495
ViT-B,g7v2_imagenet1k_vit_base_patch16_224,L3,1e-06,sram_only,0,594,78.36,78.21,100,100,0,0,100,artifacts/g8/t4/sram_only/campaign/run_L3_gpu0_1791224581873141179
ViT-B,g7v2_imagenet1k_vit_base_patch16_224,L3,1e-06,dram_sram,751,594,78.37,78.21,100,100,0,0,100,artifacts/g8/t4/campaign/run_L3_gpu0_1791211857808603379
ViT-B,g7v2_imagenet1k_vit_base_patch16_224,L4,3e-06,dram_only,2253,0,77.08,78.21,100,100,0,0,100,artifacts/g7/campaign/run_L4_gpu0_1790674018632312047
ViT-B,g7v2_imagenet1k_vit_base_patch16_224,L4,3e-06,sram_only,0,1781,77.80,78.21,100,100,0,0,100,artifacts/g8/t4/sram_only/campaign/run_L4_gpu0_1791225725582527123
ViT-B,g7v2_imagenet1k_vit_base_patch16_224,L4,3e-06,dram_sram,2253,1781,74.68,78.21,100,99,0,1,99,artifacts/g8/t4/campaign/run_L4_gpu0_1791213208870151110
ViT-B,g7v2_imagenet1k_vit_base_patch16_224,L5,5e-06,dram_only,3755,0,73.85,78.21,100,98,1,2,97,artifacts/g7/campaign/run_L5_gpu0_1790675761821366673
ViT-B,g7v2_imagenet1k_vit_base_patch16_224,L5,5e-06,sram_only,0,2969,77.83,78.21,100,100,0,0,100,artifacts/g8/t4/sram_only/campaign/run_L5_gpu0_1791226840277182967
ViT-B,g7v2_imagenet1k_vit_base_patch16_224,L5,5e-06,dram_sram,3755,2969,74.48,78.21,100,99,0,1,99,artifacts/g8/t4/campaign/run_L5_gpu0_1791215061993438191
ViT-B,g7v2_imagenet1k_vit_base_patch16_224,L6,7e-06,dram_only,5257,0,70.86,78.21,100,100,0,0,100,artifacts/g7/campaign/run_L6_gpu0_1790677877559345048
ViT-B,g7v2_imagenet1k_vit_base_patch16_224,L6,7e-06,sram_only,0,4156,77.39,78.21,100,100,0,0,100,artifacts/g8/t4/sram_only/campaign/run_L6_gpu0_1791228099590273382
ViT-B,g7v2_imagenet1k_vit_base_patch16_224,L6,7e-06,dram_sram,5257,4156,70.52,78.21,100,99,1,1,98,artifacts/g8/t4/campaign/run_L6_gpu0_1791217148762007488
ViT-B,g7v2_imagenet1k_vit_base_patch16_224,L7,1e-05,dram_only,7509,0,71.73,78.21,100,99,2,1,97,artifacts/g7/campaign/run_L7_gpu0_1790680181620693617
ViT-B,g7v2_imagenet1k_vit_base_patch16_224,L7,1e-05,sram_only,0,5937,76.13,78.21,100,100,0,0,100,artifacts/g8/t4/sram_only/campaign/run_L7_gpu0_1791229416080448676
ViT-B,g7v2_imagenet1k_vit_base_patch16_224,L7,1e-05,dram_sram,7509,5937,66.73,78.21,100,99,3,1,96,artifacts/g8/t4/campaign/run_L7_gpu0_1791219628980881699
